Date,Apparent_Temperature,Summary,Humidity,Cloud_Cover,Precip_Type,Pressure,Summary,Temperature,Visibility,Wind_Bearing,Wind_Speed
2016-01-01 00:00:00+00:00,-6.558333333333334,Mostly cloudy starting in the morning.,0.7912500000000001,0.0,snow,1029.2716666666668,Clear,-4.883101851851852,12.5237875,178.75,5.719525
2016-01-02 00:00:00+00:00,-8.782638888888888,Partly cloudy until night.,0.7695833333333333,0.0,snow,1025.9954166666666,Partly Cloudy,-4.509027777777778,9.655304166666667,95.0,12.146779166666668
2016-01-03 00:00:00+00:00,-10.752314814814817,Mostly cloudy throughout the day.,0.7304166666666667,0.0,snow,1018.75625,Overcast,-5.978472222222223,13.9607125,92.70833333333331,12.389620833333334
2016-01-04 00:00:00+00:00,-12.461574074074074,Foggy in the afternoon.,0.8020833333333334,0.0,snow,1007.22375,Overcast,-7.556018518518518,9.888754166666669,137.29166666666666,11.844904166666668
2016-01-05 00:00:00+00:00,-5.578703703703703,Foggy starting in the morning continuing until evening.,0.93125,0.0,snow,1005.3004166666666,Overcast,-3.4250000000000003,3.7103791666666672,155.0,6.8874458333333335
2016-01-06 00:00:00+00:00,-4.819907407407407,Foggy starting in the afternoon.,0.9341666666666668,0.0,snow,1003.1033333333334,Mostly Cloudy,-0.6157407407407408,3.4004541666666666,45.91666666666666,13.487104166666668
2016-01-07 00:00:00+00:00,-5.1053240740740735,Foggy until afternoon.,0.9891666666666666,0.0,rain,1000.5258333333333,Foggy,-0.9770833333333332,3.351483333333334,292.5,14.039870833333334
2016-01-08 00:00:00+00:00,-4.641898148148148,Foggy until evening.,0.9733333333333332,0.0,snow,1010.7758333333333,Foggy,-2.17175925925926,1.542245833333333,188.04166666666663,7.420758333333333
2016-01-09 00:00:00+00:00,-0.9252314814814816,Foggy starting overnight continuing until evening.,0.8629166666666667,0.0,rain,1009.55,Overcast,1.7893518518518514,3.876745833333333,116.5,9.70025
2016-01-10 00:00:00+00:00,1.8337962962962964,Foggy starting in the evening.,0.9733333333333332,0.0,rain,1004.72,Overcast,3.61875,4.057870833333333,161.91666666666666,9.4325875
2016-01-11 00:00:00+00:00,7.888425925925926,Foggy overnight.,0.84625,0.0,rain,1000.11,Foggy,9.049074074074074,11.599379166666669,177.83333333333334,20.29405
2016-01-12 00:00:00+00:00,3.9671296296296297,Mostly cloudy throughout the day.,0.8745833333333334,0.0,rain,1000.0904166666666,Overcast,6.403240740740741,13.367695833333334,234.29166666666663,13.555529166666666
2016-01-13 00:00:00+00:00,0.8745370370370371,Partly cloudy overnight.,0.8645833333333334,0.0,rain,1010.7666666666668,Partly Cloudy,3.6307870370370368,11.516866666666669,240.25,11.530283333333337
2016-01-14 00:00:00+00:00,0.754166666666667,Mostly cloudy starting overnight.,0.78375,0.0,rain,1016.6133333333332,Clear,3.915046296296296,15.584129166666669,208.75,13.46765
2016-01-15 00:00:00+00:00,-0.2891203703703704,Foggy in the morning.,0.9254166666666668,0.0,rain,1008.7945833333332,Overcast,2.280555555555555,10.984895833333333,220.83333333333331,10.331504166666669
2016-01-16 00:00:00+00:00,-3.9738425925925926,Mostly cloudy until night.,0.8445833333333334,0.0,snow,1013.5170833333332,Partly Cloudy,-0.0212962962962963,14.6570375,165.04166666666666,14.043225
2016-01-17 00:00:00+00:00,-9.328703703703704,Overcast throughout the day and breezy in the evening.,0.7095833333333333,0.0,snow,1014.0283333333332,Mostly Cloudy,-2.664351851851852,15.3272,7.708333333333333,25.3192625
2016-01-18 00:00:00+00:00,-8.270138888888889,Mostly cloudy throughout the day.,0.7091666666666666,0.0,snow,1019.2804166666666,Overcast,-2.8365740740740737,13.830570833333333,112.95833333333331,18.524391666666663
2016-01-19 00:00:00+00:00,-5.550925925925927,Mostly cloudy until night.,0.7479166666666667,0.0,snow,1021.0233333333334,Mostly Cloudy,-3.449074074074074,12.965195833333334,163.95833333333334,6.256191666666667
2016-01-20 00:00:00+00:00,-6.595138888888889,Mostly cloudy throughout the day.,0.7987500000000001,0.0,snow,1019.72125,Partly Cloudy,-3.776157407407407,11.779833333333334,170.33333333333334,8.237833333333333
2016-01-21 00:00:00+00:00,-5.44675925925926,Mostly cloudy throughout the day.,0.8016666666666666,0.0,snow,1024.6608333333334,Overcast,-2.3141203703703703,9.487595833333334,271.2916666666667,10.8091375
2016-01-22 00:00:00+00:00,-6.143518518518519,Partly cloudy until evening.,0.8004166666666667,0.0,snow,1035.7841666666666,Partly Cloudy,-5.005555555555556,10.295279166666669,183.79166666666663,4.173925
2016-01-23 00:00:00+00:00,-8.18449074074074,Foggy until morning.,0.8575,0.0,snow,1036.0570833333334,Foggy,-4.854166666666667,5.265370833333334,148.29166666666666,8.868416666666667
2016-01-24 00:00:00+00:00,-3.858333333333333,Foggy in the morning.,0.9416666666666668,0.0,snow,1035.1945833333332,Overcast,-2.716435185185185,3.9008958333333337,163.33333333333334,4.927270833333334
2016-01-25 00:00:00+00:00,-3.1437499999999994,Foggy starting in the afternoon.,0.93875,0.0,snow,1031.284583333333,Foggy,0.2150462962962966,3.1428541666666665,162.33333333333334,10.852070833333334
2016-01-26 00:00:00+00:00,1.150925925925926,Foggy until night.,0.9804166666666668,0.0,rain,1028.91125,Foggy,2.561574074074074,1.2859875,176.91666666666666,6.2085625
2016-01-27 00:00:00+00:00,-0.1043981481481483,Foggy throughout the day.,0.9875,0.0,rain,1027.11125,Foggy,2.269907407407408,0.1643541666666666,172.29166666666666,8.659116666666668
2016-01-28 00:00:00+00:00,3.9307870370370375,Foggy until morning.,0.9158333333333334,0.0,snow,1025.4516666666666,Foggy,5.532407407407407,6.9451375,204.58333333333331,10.734004166666669
2016-01-29 00:00:00+00:00,1.7187500000000002,Foggy starting in the evening.,0.97375,0.0,rain,1029.434166666667,Clear,2.651157407407408,2.402254166666667,170.95833333333334,4.7555375
2016-01-30 00:00:00+00:00,0.2395833333333336,Foggy until afternoon.,0.9670833333333334,0.0,snow,1026.3720833333334,Foggy,3.2916666666666665,3.629879166666667,159.41666666666666,12.706254166666668
2016-01-31 00:00:00+00:00,4.705092592592593,Overcast throughout the day.,0.8241666666666667,0.0,rain,1015.8770833333332,Mostly Cloudy,7.145601851851851,10.325466666666664,227.0,15.9611375
2016-02-01 00:00:00+00:00,5.306712962962963,Foggy starting in the evening.,0.9504166666666666,0.0,rain,1019.4666666666668,Overcast,7.033101851851852,6.401091666666666,214.5,13.758791666666667
2016-02-02 00:00:00+00:00,7.624305555555556,Foggy overnight.,0.9220833333333333,0.0,rain,1021.6725,Foggy,8.770601851851852,8.582641666666667,183.58333333333331,9.234691666666668
2016-02-03 00:00:00+00:00,6.434490740740741,Overcast throughout the day and breezy overnight.,0.9366666666666666,0.0,rain,1015.35875,Overcast,8.249537037037037,10.025604166666666,222.58333333333331,12.256125000000004
2016-02-04 00:00:00+00:00,-0.149537037037037,Mostly cloudy throughout the day.,0.7912499999999999,0.0,rain,1019.36125,Overcast,3.883333333333333,11.9522375,312.875,19.8935625
2016-02-05 00:00:00+00:00,-0.6280092592592593,Partly cloudy until evening.,0.8320833333333333,0.0,rain,1025.44,Partly Cloudy,2.031712962962963,12.438591666666667,295.0833333333333,10.888295833333332
2016-02-06 00:00:00+00:00,-0.3506944444444444,Partly cloudy starting overnight.,0.7825000000000001,0.0,snow,1028.6083333333331,Partly Cloudy,2.7405092592592597,14.614775000000002,178.125,13.9204625
2016-02-07 00:00:00+00:00,0.3645833333333335,Partly cloudy throughout the day.,0.7570833333333334,0.0,rain,1021.0354166666666,Partly Cloudy,4.16087962962963,15.839716666666668,146.08333333333334,17.752933333333335
2016-02-08 00:00:00+00:00,4.6745370370370365,Mostly cloudy throughout the day.,0.735,0.0,rain,1017.3016666666666,Partly Cloudy,7.177083333333333,15.167541666666668,156.25,17.4101375
2016-02-09 00:00:00+00:00,8.981712962962963,Mostly cloudy throughout the day.,0.7316666666666666,0.0,rain,1011.5408333333334,Overcast,10.314583333333331,13.462954166666668,175.29166666666666,16.17781666666667
2016-02-10 00:00:00+00:00,3.592592592592592,Mostly cloudy throughout the day and breezy in the morning.,0.8112499999999999,0.0,rain,995.8391666666666,Overcast,7.301851851851851,11.551079166666668,202.58333333333331,27.066112500000003
2016-02-11 00:00:00+00:00,2.620601851851852,Partly cloudy until evening.,0.7270833333333333,0.0,rain,1007.85125,Partly Cloudy,4.648148148148148,12.700216666666668,221.29166666666663,11.516195833333336
2016-02-12 00:00:00+00:00,1.756712962962963,Mostly cloudy starting overnight.,0.7908333333333334,0.0,snow,1008.2179166666666,Clear,4.604398148148149,12.908175,140.41666666666666,16.688991666666666
2016-02-13 00:00:00+00:00,3.225925925925926,Mostly cloudy throughout the day.,0.8575,0.0,rain,996.6820833333333,Overcast,6.369212962962963,11.502108333333334,192.0,17.187420833333334
2016-02-14 00:00:00+00:00,8.303935185185184,Mostly cloudy throughout the day.,0.8141666666666666,0.0,rain,997.7216666666668,Mostly Cloudy,9.63912037037037,12.026029166666667,151.875,17.834104166666666
2016-02-15 00:00:00+00:00,7.836111111111111,Foggy starting in the morning continuing until afternoon.,0.9433333333333334,0.0,rain,921.8325,Partly Cloudy,9.034722222222223,8.459879166666667,210.08333333333331,10.999654166666666
2016-02-16 00:00:00+00:00,4.176851851851851,Foggy overnight.,0.95625,0.0,rain,1026.3954166666665,Foggy,5.986805555555556,4.8239625,169.54166666666666,10.52135
2016-02-17 00:00:00+00:00,5.7414351851851855,Mostly cloudy throughout the day.,0.8754166666666667,0.0,rain,1024.299166666667,Mostly Cloudy,7.771064814814815,11.113695833333333,105.66666666666669,14.702654166666669
2016-02-18 00:00:00+00:00,6.335416666666666,Overcast until night.,0.8683333333333333,0.0,rain,975.03125,Overcast,8.428935185185185,10.689729166666666,142.0,14.315583333333334
2016-02-19 00:00:00+00:00,2.277314814814815,Mostly cloudy throughout the day.,0.8858333333333334,0.0,rain,1016.0120833333334,Overcast,5.699768518518519,10.063170833333333,217.91666666666663,18.356683333333333
2016-02-20 00:00:00+00:00,1.0439814814814816,Partly cloudy until night.,0.795,0.0,rain,1023.5445833333332,Partly Cloudy,3.7594907407407407,11.820754166666667,256.7916666666667,12.234658333333334
2016-02-21 00:00:00+00:00,4.346759259259259,Overcast throughout the day.,0.7958333333333334,0.0,rain,1017.8495833333332,Overcast,6.577777777777778,12.183675,216.375,12.529825
2016-02-22 00:00:00+00:00,9.025925925925923,Mostly cloudy throughout the day.,0.7616666666666667,0.0,rain,1013.8820833333334,Mostly Cloudy,10.203472222222222,14.807304166666668,203.5,15.607608333333332
2016-02-23 00:00:00+00:00,9.331944444444444,Mostly cloudy throughout the day.,0.9008333333333334,0.0,rain,1009.9475,Partly Cloudy,10.031481481481482,9.270916666666666,181.875,11.261279166666668
2016-02-24 00:00:00+00:00,2.288657407407407,Mostly cloudy throughout the day and breezy starting overnight continuing until morning.,0.7512500000000001,0.0,rain,1014.9858333333332,Mostly Cloudy,5.207175925925927,10.755470833333334,278.0,16.42334166666667
2016-02-25 00:00:00+00:00,0.8222222222222223,Mostly cloudy throughout the day.,0.8758333333333334,0.0,snow,1014.23625,Partly Cloudy,3.203009259259259,8.5631875,149.33333333333334,10.2094125
2016-02-26 00:00:00+00:00,1.1298611111111108,Foggy starting in the evening.,0.9204166666666668,0.0,rain,1013.06,Overcast,3.110648148148148,5.612862499999999,213.33333333333331,9.160229166666667
2016-02-27 00:00:00+00:00,0.866666666666667,Foggy overnight.,0.8491666666666666,0.0,snow,1015.9616666666668,Foggy,3.213194444444445,6.4433541666666665,88.91666666666667,9.3601375
2016-02-28 00:00:00+00:00,4.471064814814815,Mostly cloudy throughout the day.,0.83875,0.0,rain,1017.01375,Partly Cloudy,6.979166666666667,12.110554166666669,136.41666666666666,19.58900416666667
2016-02-29 00:00:00+00:00,8.920601851851853,Overcast throughout the day.,0.8112499999999999,0.0,rain,1011.8545833333332,Overcast,9.91851851851852,11.375991666666666,126.83333333333331,16.091279166666666
2016-03-01 00:00:00+00:00,2.5375,Foggy starting overnight continuing until morning and breezy starting in the morning continuing until afternoon.,0.8820833333333334,0.0,rain,1011.4604166666668,Overcast,5.910185185185186,8.34785,246.83333333333331,18.8531
2016-03-02 00:00:00+00:00,1.6909722222222217,Partly cloudy starting overnight.,0.76625,0.0,rain,1011.485,Clear,4.523148148148148,13.901679166666668,210.08333333333331,12.607641666666666
2016-03-03 00:00:00+00:00,4.428009259259259,Mostly cloudy throughout the day.,0.7941666666666666,0.0,rain,999.52625,Partly Cloudy,6.383333333333333,13.479054166666666,63.708333333333336,13.872162500000002
2016-03-04 00:00:00+00:00,4.400231481481481,Overcast throughout the day.,0.925,0.0,rain,1000.7554166666667,Overcast,6.471527777777777,8.507508333333334,160.125,10.502566666666668
2016-03-05 00:00:00+00:00,4.688888888888889,Mostly cloudy starting overnight.,0.8070833333333334,0.0,rain,1007.1045833333332,Clear,6.853240740740741,11.0586875,168.75,14.22435
2016-03-06 00:00:00+00:00,6.6127314814814815,Mostly cloudy throughout the day.,0.8291666666666666,0.0,rain,1003.2666666666668,Overcast,8.68912037037037,12.919579166666669,154.16666666666666,14.903904166666669
2016-03-07 00:00:00+00:00,8.222916666666666,Mostly cloudy throughout the day.,0.8804166666666666,0.0,rain,1001.9870833333332,Overcast,9.354861111111113,9.6821375,200.20833333333331,9.861920833333334
2016-03-08 00:00:00+00:00,4.941203703703704,Mostly cloudy until night.,0.8479166666666668,0.0,rain,1010.93,Overcast,6.518055555555556,7.963462499999999,247.08333333333331,8.7604125
2016-03-09 00:00:00+00:00,4.5182870370370365,Foggy in the morning.,0.8554166666666667,0.0,rain,1012.3675,Partly Cloudy,6.30625,6.833779166666666,173.70833333333334,10.850729166666667
2016-03-10 00:00:00+00:00,7.296527777777778,Mostly cloudy throughout the day.,0.8616666666666667,0.0,rain,1009.0104166666666,Partly Cloudy,8.741435185185185,9.164254166666666,96.79166666666669,15.853804166666668
2016-03-11 00:00:00+00:00,7.840972222222223,Mostly cloudy throughout the day.,0.89,0.0,rain,1015.1266666666668,Overcast,8.828935185185186,10.3341875,126.66666666666669,8.125133333333334
2016-03-12 00:00:00+00:00,5.90625,Mostly cloudy throughout the day.,0.8624999999999999,0.0,rain,1020.87625,Overcast,7.490972222222222,10.428104166666667,78.91666666666667,9.8471625
2016-03-13 00:00:00+00:00,5.922222222222222,Mostly cloudy throughout the day.,0.7487499999999999,0.0,rain,1022.42375,Overcast,8.331712962962962,11.416241666666666,25.33333333333333,22.6587375
2016-03-14 00:00:00+00:00,1.5849537037037036,Partly cloudy until night and breezy in the morning.,0.64125,0.0,rain,1023.9820833333332,Breezy and Overcast,5.469907407407407,15.612975,96.875,23.983633333333334
2016-03-15 00:00:00+00:00,1.0224537037037038,Mostly cloudy throughout the day.,0.8858333333333333,0.0,rain,1018.925,Partly Cloudy,2.345601851851852,10.660883333333333,230.66666666666663,5.9663916666666665
2016-03-16 00:00:00+00:00,5.147222222222222,Mostly cloudy throughout the day.,0.7791666666666667,0.0,rain,1028.0208333333333,Overcast,6.163194444444444,9.169620833333331,113.58333333333331,7.057837500000001
2016-03-17 00:00:00+00:00,5.929861111111111,Partly cloudy starting in the morning continuing until evening.,0.6708333333333334,0.0,rain,1027.5479166666669,Mostly Cloudy,6.536574074074075,11.816729166666669,200.20833333333331,5.699400000000001
2016-03-18 00:00:00+00:00,6.189583333333334,Foggy in the morning.,0.6775000000000001,0.0,rain,1016.7345833333334,Clear,6.932407407407407,10.468354166666668,245.83333333333331,9.474179166666667
2016-03-19 00:00:00+00:00,5.025925925925926,Partly cloudy overnight.,0.6908333333333333,0.0,rain,1015.925,Partly Cloudy,6.547916666666667,12.8538375,147.875,9.620420833333334
2016-03-20 00:00:00+00:00,6.926157407407408,Mostly cloudy until evening.,0.6229166666666667,0.0,rain,1016.5470833333334,Partly Cloudy,7.210416666666667,13.434108333333334,196.91666666666663,5.73965
2016-03-21 00:00:00+00:00,6.808564814814815,Partly cloudy starting overnight.,0.6666666666666666,0.0,rain,1014.6420833333332,Partly Cloudy,7.684490740740741,10.574345833333334,256.6666666666667,12.033408333333334
2016-03-22 00:00:00+00:00,7.184953703703704,Mostly cloudy throughout the day.,0.68,0.0,rain,1010.5866666666668,Overcast,7.626851851851852,11.2840875,266.625,8.295525
2016-03-23 00:00:00+00:00,2.302546296296297,Overcast starting in the afternoon.,0.8858333333333334,0.0,rain,752.5124999999999,Partly Cloudy,4.664814814814815,7.200054166666667,121.95833333333331,11.985779166666669
2016-03-24 00:00:00+00:00,2.908333333333333,Partly cloudy until night.,0.5833333333333334,0.0,rain,1006.3979166666668,Overcast,5.988657407407408,14.325645833333336,208.83333333333331,17.95955
2016-03-25 00:00:00+00:00,2.950694444444444,Mostly cloudy starting in the morning.,0.5945833333333334,0.0,snow,1016.3075,Clear,4.991435185185185,15.1118625,256.3333333333333,9.971266666666668
2016-03-26 00:00:00+00:00,6.788194444444444,Mostly cloudy throughout the day.,0.7174999999999999,0.0,rain,1017.3391666666666,Mostly Cloudy,7.850462962962962,13.0993625,243.875,9.926320833333332
2016-03-27 00:00:00+00:00,5.421296296296297,Mostly cloudy throughout the day.,0.82625,0.0,rain,1017.1308333333332,Mostly Cloudy,6.971990740740741,9.0461875,166.625,9.676770833333334
2016-03-28 00:00:00+00:00,7.751851851851852,Foggy in the morning.,0.75625,0.0,rain,1014.3833333333332,Partly Cloudy,8.054166666666667,8.818775,153.29166666666666,5.321720833333333
2016-03-29 00:00:00+00:00,11.488425925925926,Mostly cloudy throughout the day.,0.7483333333333334,0.0,rain,1013.84625,Overcast,11.96851851851852,11.9240625,175.08333333333334,9.0502125
2016-03-30 00:00:00+00:00,12.730092592592593,Mostly cloudy throughout the day.,0.7191666666666667,0.0,rain,1017.99625,Partly Cloudy,13.203472222222222,12.258137500000002,201.125,12.661979166666669
2016-03-31 00:00:00+00:00,15.775694444444444,Partly cloudy throughout the day.,0.6083333333333333,0.0,rain,1015.5716666666668,Mostly Cloudy,15.931481481481482,15.259445833333332,209.5,15.248712500000002
2016-04-01 00:00:00+00:00,15.480324074074074,Mostly cloudy throughout the day.,0.59,0.0,rain,1013.63875,Partly Cloudy,15.762268518518518,15.810200000000002,196.375,20.257825
2016-04-02 00:00:00+00:00,8.651157407407407,Partly cloudy until night.,0.4866666666666666,0.0,rain,981.97625,Mostly Cloudy,10.253009259259258,13.689695833333332,32.083333333333336,16.409254166666667
2016-04-03 00:00:00+00:00,12.824074074074074,Partly cloudy until morning.,0.5845833333333333,0.0,rain,1019.7233333333334,Partly Cloudy,13.041898148148148,15.829654166666666,127.33333333333331,10.3382125
2016-04-04 00:00:00+00:00,15.932407407407409,Partly cloudy starting overnight.,0.5841666666666666,0.0,rain,1012.255,Partly Cloudy,16.211111111111112,15.886675000000002,188.25,11.66445
2016-04-05 00:00:00+00:00,18.536342592592597,Partly cloudy throughout the day.,0.5337500000000001,0.0,rain,1009.5266666666666,Partly Cloudy,18.536342592592597,15.6310875,205.0,14.402791666666667
2016-04-06 00:00:00+00:00,17.961805555555557,Partly cloudy starting in the morning.,0.5775,0.0,rain,1009.42875,Clear,17.961805555555557,14.210933333333337,253.66666666666663,11.2317625
2016-04-07 00:00:00+00:00,18.211805555555557,Partly cloudy throughout the day.,0.605,0.0,rain,1009.05125,Partly Cloudy,18.211805555555557,13.638041666666666,124.70833333333331,9.841125
2016-04-08 00:00:00+00:00,15.801851851851852,Overcast throughout the day.,0.8125,0.0,rain,1002.80375,Overcast,15.801851851851852,12.3547375,168.875,11.812033333333334
2016-04-09 00:00:00+00:00,11.83425925925926,Overcast throughout the day.,0.8554166666666667,0.0,rain,1002.7808333333334,Overcast,12.019675925925926,7.737391666666666,300.5,14.597333333333331
2016-04-10 00:00:00+00:00,9.801157407407407,Overcast throughout the day.,0.7879166666666667,0.0,rain,1007.7475,Mostly Cloudy,10.637037037037038,11.208283333333334,294.6666666666667,15.0756375
2016-04-11 00:00:00+00:00,11.376851851851852,Mostly cloudy until evening.,0.7487499999999999,0.0,rain,1011.8520833333332,Overcast,12.028472222222222,11.947541666666666,273.5416666666667,9.584866666666668
2016-04-12 00:00:00+00:00,14.365277777777775,Foggy in the morning.,0.66375,0.0,rain,1011.5979166666666,Clear,14.365277777777775,11.239141666666669,183.125,9.588891666666669
2016-04-13 00:00:00+00:00,16.137037037037036,Partly cloudy throughout the day.,0.6475,0.0,rain,1008.0333333333332,Mostly Cloudy,16.271527777777777,14.2706375,211.58333333333331,10.4831125
2016-04-14 00:00:00+00:00,15.184953703703703,Partly cloudy throughout the day and breezy starting in the afternoon continuing until evening.,0.6416666666666667,0.0,rain,1005.3575,Mostly Cloudy,15.184953703703703,14.289420833333333,290.6666666666667,21.773237500000004
2016-04-15 00:00:00+00:00,13.70949074074074,Partly cloudy until night.,0.5854166666666667,0.0,rain,1012.8958333333334,Partly Cloudy,14.109722222222222,15.8202625,235.04166666666663,16.88822916666667
2016-04-16 00:00:00+00:00,16.989583333333332,Partly cloudy until night and breezy starting in the morning continuing until afternoon.,0.5095833333333334,0.0,rain,1011.6095833333334,Partly Cloudy,17.44675925925926,15.894054166666669,201.0,18.467370833333334
2016-04-17 00:00:00+00:00,18.240046296296292,Mostly cloudy throughout the day.,0.5504166666666667,0.0,rain,1011.8775,Partly Cloudy,18.265509259259257,14.624166666666667,192.54166666666663,11.737570833333336
2016-04-18 00:00:00+00:00,18.105324074074076,Foggy in the morning.,0.6216666666666667,0.0,rain,1014.5458333333332,Mostly Cloudy,18.105324074074076,12.866583333333333,228.29166666666663,9.560716666666666
2016-04-19 00:00:00+00:00,11.657407407407408,Mostly cloudy throughout the day.,0.7358333333333333,0.0,rain,1017.59375,Overcast,12.04050925925926,14.4960375,222.0,17.528875000000003
2016-04-20 00:00:00+00:00,9.568287037037036,Partly cloudy until evening.,0.5333333333333333,0.0,rain,1023.595,Partly Cloudy,10.830555555555556,15.138695833333337,317.5,18.13597916666667
2016-04-21 00:00:00+00:00,10.607175925925924,Partly cloudy in the afternoon.,0.5458333333333333,0.0,rain,1025.3604166666669,Clear,10.999537037037037,15.869233333333334,226.375,6.674120833333333
2016-04-22 00:00:00+00:00,13.535416666666668,Partly cloudy starting in the morning.,0.5170833333333333,0.0,rain,1014.4308333333332,Clear,13.988194444444444,15.902104166666668,188.0,7.928579166666666
2016-04-23 00:00:00+00:00,15.35462962962963,Partly cloudy throughout the day.,0.5833333333333334,0.0,rain,1005.6779166666666,Partly Cloudy,15.398379629629629,14.474570833333331,185.58333333333331,6.957212500000001
2016-04-24 00:00:00+00:00,6.780092592592593,Overcast throughout the day and breezy starting in the morning continuing until evening.,0.9191666666666666,0.0,rain,1001.6391666666668,Mostly Cloudy,9.169907407407408,9.176329166666669,291.4583333333333,20.317529166666667
2016-04-25 00:00:00+00:00,2.8636574074074077,Mostly cloudy throughout the day.,0.8566666666666666,0.0,rain,1006.0583333333334,Overcast,5.759027777777778,8.751020833333333,306.8333333333333,15.751166666666668
2016-04-26 00:00:00+00:00,6.32337962962963,Partly cloudy until evening.,0.63125,0.0,rain,1009.7829166666668,Mostly Cloudy,7.914583333333333,13.804408333333337,236.83333333333331,11.918025
2016-04-27 00:00:00+00:00,7.338657407407408,Mostly cloudy starting overnight.,0.7116666666666666,0.0,rain,1010.3729166666668,Partly Cloudy,9.631712962962965,13.128208333333331,206.875,20.30142916666667
2016-04-28 00:00:00+00:00,8.473842592592593,Mostly cloudy throughout the day.,0.74125,0.0,rain,1018.1525,Mostly Cloudy,9.32800925925926,12.524458333333332,242.20833333333331,6.894154166666667
2016-04-29 00:00:00+00:00,9.077314814814814,Mostly cloudy throughout the day.,0.8604166666666666,0.0,rain,1019.25125,Overcast,9.73425925925926,9.6177375,194.0,10.709183333333334
2016-04-30 00:00:00+00:00,11.219212962962963,Foggy starting overnight continuing until morning.,0.7770833333333332,0.0,rain,1019.7441666666668,Mostly Cloudy,11.342824074074072,9.66805,127.54166666666669,3.35685
2016-05-01 00:00:00+00:00,14.0375,Mostly cloudy throughout the day.,0.7945833333333333,0.0,rain,1015.6791666666668,Mostly Cloudy,14.05300925925926,10.31205,113.625,12.118604166666666
2016-05-02 00:00:00+00:00,13.97662037037037,Overcast throughout the day.,0.8395833333333332,0.0,rain,1014.1758333333332,Overcast,13.97662037037037,11.6584125,154.25,10.968795833333331
2016-05-03 00:00:00+00:00,13.698842592592593,Mostly cloudy throughout the day.,0.7870833333333334,0.0,rain,1010.3558333333334,Overcast,13.729398148148148,12.355408333333337,123.125,11.086191666666666
2016-05-04 00:00:00+00:00,14.37847222222222,Mostly cloudy throughout the day.,0.745,0.0,rain,1013.69125,Mostly Cloudy,14.436574074074072,11.170716666666666,276.25,18.326495833333336
2016-05-05 00:00:00+00:00,15.859722222222222,Partly cloudy throughout the day.,0.6283333333333333,0.0,rain,1018.3433333333334,Mostly Cloudy,15.939583333333331,15.073625000000002,218.16666666666663,15.738420833333334
2016-05-06 00:00:00+00:00,15.478703703703705,Partly cloudy throughout the day.,0.615,0.0,rain,1017.17375,Partly Cloudy,15.745833333333335,14.4578,124.83333333333331,11.501437500000002
2016-05-07 00:00:00+00:00,15.519907407407407,Partly cloudy throughout the day.,0.5366666666666667,0.0,rain,1014.8583333333332,Partly Cloudy,15.668518518518518,14.90055,127.79166666666669,11.343791666666668
2016-05-08 00:00:00+00:00,13.885416666666666,Partly cloudy throughout the day.,0.6133333333333334,0.0,rain,1016.86875,Partly Cloudy,14.058564814814815,12.849141666666668,115.25,7.467716666666667
2016-05-09 00:00:00+00:00,15.511805555555554,Partly cloudy throughout the day.,0.6079166666666667,0.0,rain,1018.8266666666668,Partly Cloudy,15.580787037037036,14.683870833333335,105.125,5.0554
2016-05-10 00:00:00+00:00,14.221064814814817,Mostly cloudy starting overnight.,0.81625,0.0,rain,1017.08625,Partly Cloudy,14.41851851851852,10.789683333333334,169.83333333333334,9.527845833333334
2016-05-11 00:00:00+00:00,16.330324074074074,Foggy in the morning.,0.8066666666666666,0.0,rain,1011.2475,Overcast,16.330324074074074,9.782091666666666,109.875,7.326170833333333
2016-05-12 00:00:00+00:00,16.814583333333335,Mostly cloudy throughout the day.,0.8770833333333333,0.0,rain,1001.6170833333334,Overcast,16.814583333333335,10.079270833333334,139.54166666666666,12.166904166666669
2016-05-13 00:00:00+00:00,16.28078703703704,Partly cloudy throughout the day and breezy in the afternoon.,0.7520833333333333,0.0,rain,998.5716666666668,Mostly Cloudy,16.28078703703704,12.425845833333334,216.95833333333331,19.879475000000003
2016-05-14 00:00:00+00:00,14.771296296296295,Mostly cloudy throughout the day and breezy starting in the morning continuing until afternoon.,0.8508333333333334,0.0,rain,1001.5366666666667,Mostly Cloudy,14.771296296296295,11.971691666666668,240.125,18.869870833333334
2016-05-15 00:00:00+00:00,9.711342592592592,Mostly cloudy throughout the day.,0.8458333333333333,0.0,rain,1011.6879166666666,Partly Cloudy,10.480324074074074,12.8739625,300.75,17.221633333333333
2016-05-16 00:00:00+00:00,9.259953703703705,Partly cloudy throughout the day.,0.6895833333333333,0.0,rain,1017.41625,Partly Cloudy,10.25162037037037,14.086158333333335,289.9583333333333,13.547479166666667
2016-05-17 00:00:00+00:00,10.04537037037037,Mostly cloudy starting overnight.,0.6870833333333334,0.0,rain,1017.9283333333332,Partly Cloudy,10.385185185185184,13.149004166666666,286.0416666666667,10.5273875
2016-05-18 00:00:00+00:00,12.092824074074072,Mostly cloudy throughout the day.,0.6666666666666666,0.0,rain,1015.8754166666666,Mostly Cloudy,12.417361111111113,13.248287500000002,205.04166666666663,8.331079166666667
2016-05-19 00:00:00+00:00,14.20046296296296,Mostly cloudy throughout the day.,0.7254166666666667,0.0,rain,1012.5516666666668,Partly Cloudy,14.258564814814813,12.996725,120.70833333333331,10.0363375
2016-05-20 00:00:00+00:00,15.66712962962963,Partly cloudy throughout the day.,0.6558333333333334,0.0,rain,1015.2933333333334,Partly Cloudy,15.807870370370368,14.678504166666668,77.41666666666667,12.1534875
2016-05-21 00:00:00+00:00,17.239814814814817,Partly cloudy starting in the morning.,0.5820833333333334,0.0,rain,1018.0320833333334,Clear,17.340972222222224,15.6954875,194.125,11.758366666666667
2016-05-22 00:00:00+00:00,19.05462962962963,Partly cloudy until night.,0.5675,0.0,rain,1017.0345833333334,Partly Cloudy,19.109490740740743,15.831666666666669,167.16666666666666,6.9894125
2016-05-23 00:00:00+00:00,21.319675925925925,Partly cloudy throughout the day.,0.58625,0.0,rain,1010.26375,Partly Cloudy,21.42523148148148,15.867891666666669,141.875,9.237375
2016-05-24 00:00:00+00:00,16.31087962962963,Mostly cloudy throughout the day.,0.8141666666666666,0.0,rain,1004.9570833333332,Mostly Cloudy,16.31087962962963,11.53565,283.7083333333333,11.840879166666667
2016-05-25 00:00:00+00:00,17.46851851851852,Mostly cloudy throughout the day.,0.76625,0.0,rain,1007.3095833333332,Overcast,17.46851851851852,10.82725,308.6666666666667,17.58052916666667
2016-05-26 00:00:00+00:00,19.287962962962965,Partly cloudy throughout the day.,0.6958333333333333,0.0,rain,1013.5095833333334,Partly Cloudy,19.287962962962965,12.744491666666669,283.7916666666667,8.231125
2016-05-27 00:00:00+00:00,21.30648148148148,Partly cloudy starting in the morning.,0.6479166666666667,0.0,rain,1016.3266666666668,Clear,21.365046296296292,14.3934,186.91666666666663,3.852595833333333
2016-05-28 00:00:00+00:00,22.334953703703704,Partly cloudy throughout the day.,0.61875,0.0,rain,1014.1354166666666,Mostly Cloudy,22.446527777777774,15.543879166666668,133.91666666666666,7.477108333333334
2016-05-29 00:00:00+00:00,23.06990740740741,Partly cloudy throughout the day.,0.67125,0.0,rain,1008.805,Partly Cloudy,22.891666666666666,14.709362500000005,123.08333333333331,10.089333333333334
2016-05-30 00:00:00+00:00,22.02777777777777,Partly cloudy throughout the day.,0.6833333333333332,0.0,rain,1008.84375,Mostly Cloudy,22.00532407407407,14.883108333333334,269.2916666666667,6.861283333333334
2016-05-31 00:00:00+00:00,21.012962962962963,Partly cloudy throughout the day.,0.5929166666666666,0.0,rain,1011.8716666666668,Mostly Cloudy,21.012962962962963,15.859841666666668,226.66666666666663,12.412429166666668
2016-06-01 00:00:00+00:00,19.15671296296296,Mostly cloudy throughout the day.,0.7183333333333333,0.0,rain,1013.4716666666668,Partly Cloudy,19.15671296296296,12.148791666666668,169.66666666666666,8.455183333333332
2016-06-02 00:00:00+00:00,17.44097222222222,Mostly cloudy throughout the day.,0.8283333333333333,0.0,rain,1010.8179166666667,Overcast,17.44097222222222,10.541475,183.625,8.247895833333333
2016-06-03 00:00:00+00:00,18.09490740740741,Mostly cloudy throughout the day.,0.8316666666666667,0.0,rain,1009.5783333333334,Partly Cloudy,18.09490740740741,9.964558333333336,204.5,4.520745833333334
2016-06-04 00:00:00+00:00,18.43125,Mostly cloudy throughout the day.,0.88125,0.0,rain,1010.4733333333334,Mostly Cloudy,18.43125,11.264633333333334,290.7083333333333,6.495008333333334
2016-06-05 00:00:00+00:00,19.1125,Mostly cloudy throughout the day.,0.8595833333333333,0.0,rain,1013.1266666666668,Mostly Cloudy,19.1125,10.030970833333331,212.625,7.656891666666667
2016-06-06 00:00:00+00:00,20.50324074074074,Partly cloudy throughout the day.,0.65,0.0,rain,1016.0841666666666,Partly Cloudy,20.50324074074074,13.053745833333332,87.70833333333333,14.133116666666668
2016-06-07 00:00:00+00:00,17.61759259259259,Partly cloudy until night.,0.5370833333333334,0.0,rain,1021.0116666666668,Partly Cloudy,17.61759259259259,15.39965,75.20833333333333,12.5640375
2016-06-08 00:00:00+00:00,18.211574074074075,Partly cloudy starting in the morning.,0.61125,0.0,rain,1018.6570833333334,Clear,18.211574074074075,15.917533333333331,196.875,4.04915
2016-06-09 00:00:00+00:00,19.64027777777778,Partly cloudy throughout the day.,0.62375,0.0,rain,1012.7920833333332,Partly Cloudy,19.64027777777778,15.277558333333332,117.45833333333331,4.948066666666667
2016-06-10 00:00:00+00:00,18.94375,Mostly cloudy throughout the day.,0.77875,0.0,rain,1010.8083333333334,Partly Cloudy,18.94375,13.049720833333334,171.79166666666666,7.006854166666667
2016-06-11 00:00:00+00:00,20.42523148148148,Mostly cloudy throughout the day.,0.7404166666666666,0.0,rain,1010.5454166666668,Partly Cloudy,20.42523148148148,13.192608333333332,186.375,10.087991666666667
2016-06-12 00:00:00+00:00,18.599537037037035,Mostly cloudy throughout the day.,0.9016666666666668,0.0,rain,1008.5254166666668,Mostly Cloudy,18.599537037037035,11.204929166666666,171.95833333333334,6.741875
2016-06-13 00:00:00+00:00,17.70208333333333,Mostly cloudy throughout the day.,0.9333333333333332,0.0,rain,1001.87,Overcast,17.70208333333333,10.516654166666669,203.95833333333331,7.3275125
2016-06-14 00:00:00+00:00,20.069444444444446,Partly cloudy throughout the day.,0.7504166666666667,0.0,rain,1000.0291666666668,Mostly Cloudy,20.069444444444446,13.238225,275.8333333333333,12.5237875
2016-06-15 00:00:00+00:00,18.70277777777778,Mostly cloudy throughout the day.,0.8354166666666667,0.0,rain,1004.03625,Mostly Cloudy,18.70277777777778,11.53565,225.875,8.540379166666666
2016-06-16 00:00:00+00:00,23.36967592592593,Partly cloudy throughout the day.,0.6520833333333333,0.0,rain,1008.9133333333332,Partly Cloudy,23.321527777777774,13.945283333333334,153.83333333333334,17.3779375
2016-06-17 00:00:00+00:00,26.88101851851852,Mostly cloudy throughout the day.,0.5508333333333334,0.0,rain,1009.1179166666668,Overcast,26.24675925925926,13.974800000000002,228.58333333333331,18.0420625
2016-06-18 00:00:00+00:00,21.913888888888888,Partly cloudy throughout the day.,0.6758333333333333,0.0,rain,1016.0391666666666,Mostly Cloudy,21.916666666666668,14.939458333333334,149.45833333333334,4.9889875
2016-06-19 00:00:00+00:00,20.727546296296296,Mostly cloudy throughout the day.,0.785,0.0,rain,1014.59375,Partly Cloudy,20.70694444444445,12.591541666666666,203.375,9.307141666666666
2016-06-20 00:00:00+00:00,21.986574074074078,Mostly cloudy throughout the day.,0.80625,0.0,rain,1016.72875,Partly Cloudy,21.825462962962963,9.988708333333332,229.95833333333331,6.2488125000000005
2016-06-21 00:00:00+00:00,21.751388888888886,Mostly cloudy throughout the day.,0.8304166666666667,0.0,rain,1021.3745833333334,Mostly Cloudy,21.751388888888886,11.350499999999998,176.83333333333334,7.0417375
2016-06-22 00:00:00+00:00,25.67962962962963,Partly cloudy throughout the day.,0.7245833333333334,0.0,rain,1022.2945833333332,Mostly Cloudy,25.037731481481483,15.440570833333334,183.375,8.902629166666667
2016-06-23 00:00:00+00:00,27.61550925925926,Partly cloudy until night.,0.69375,0.0,rain,1021.3954166666666,Mostly Cloudy,26.54328703703704,14.6892375,117.70833333333331,7.291958333333333
2016-06-24 00:00:00+00:00,28.71342592592593,Partly cloudy until night.,0.6699999999999999,0.0,rain,1017.7716666666666,Partly Cloudy,27.464120370370367,13.54144166666667,111.70833333333331,10.182579166666669
2016-06-25 00:00:00+00:00,27.292129629629628,Partly cloudy throughout the day.,0.6216666666666667,0.0,rain,1013.86875,Partly Cloudy,26.83912037037037,15.881308333333337,128.70833333333334,10.729979166666666
2016-06-26 00:00:00+00:00,26.266203703703702,Partly cloudy overnight.,0.6525,0.0,rain,1013.3054166666668,Partly Cloudy,25.99837962962963,14.313570833333335,197.75,10.412004166666668
2016-06-27 00:00:00+00:00,23.07060185185185,Mostly cloudy throughout the day.,0.7575,0.0,rain,1013.3166666666666,Mostly Cloudy,22.83263888888889,11.592,282.9166666666667,12.6566125
2016-06-28 00:00:00+00:00,20.17453703703704,Mostly cloudy throughout the day.,0.7825000000000001,0.0,rain,1014.0191666666666,Overcast,20.17453703703704,12.293020833333337,289.25,12.666675
2016-06-29 00:00:00+00:00,21.90231481481481,Partly cloudy until evening.,0.6675,0.0,rain,1015.4033333333332,Partly Cloudy,21.9375,14.694604166666666,150.75,6.490312500000001
2016-06-30 00:00:00+00:00,23.905324074074077,Partly cloudy starting in the morning.,0.6520833333333333,0.0,rain,1015.37,Clear,24.045601851851853,15.822945833333335,123.54166666666669,3.8338125
2016-07-01 00:00:00+00:00,25.15648148148148,Partly cloudy throughout the day.,0.63375,0.0,rain,1015.7754166666668,Mostly Cloudy,25.269212962962964,15.591508333333335,211.33333333333331,3.6117666666666666
2016-07-02 00:00:00+00:00,26.283564814814813,Partly cloudy starting in the morning.,0.6479166666666667,0.0,rain,1013.89125,Clear,26.05972222222222,13.164433333333331,209.41666666666663,5.965050000000001
2016-07-03 00:00:00+00:00,23.516203703703702,Partly cloudy starting overnight.,0.6529166666666667,0.0,rain,1015.015,Partly Cloudy,23.34861111111111,11.9602875,287.5416666666667,16.434075
2016-07-04 00:00:00+00:00,21.082175925925927,Partly cloudy throughout the day.,0.56375,0.0,rain,1020.0566666666668,Overcast,21.196527777777774,15.631758333333336,294.3333333333333,10.2657625
2016-07-05 00:00:00+00:00,22.054861111111112,Partly cloudy starting overnight.,0.55125,0.0,rain,1016.9408333333332,Partly Cloudy,22.35601851851852,15.87191666666667,194.79166666666663,5.188225
2016-07-06 00:00:00+00:00,21.484953703703702,Mostly cloudy throughout the day.,0.6329166666666667,0.0,rain,1014.6883333333334,Partly Cloudy,21.457175925925924,14.349125,272.2916666666667,11.164008333333332
2016-07-07 00:00:00+00:00,19.191203703703703,Partly cloudy until night.,0.52125,0.0,rain,1019.6529166666668,Partly Cloudy,19.191203703703703,15.886675000000002,305.1666666666667,14.099575000000002
2016-07-08 00:00:00+00:00,20.86226851851852,Partly cloudy starting in the morning.,0.5158333333333333,0.0,rain,1019.62625,Clear,21.12037037037037,15.833008333333334,200.20833333333331,5.807404166666667
2016-07-09 00:00:00+00:00,22.102546296296296,Partly cloudy throughout the day.,0.5891666666666667,0.0,rain,1016.2079166666668,Mostly Cloudy,22.19537037037037,15.633770833333337,252.04166666666663,12.403037500000002
2016-07-10 00:00:00+00:00,22.735185185185188,Partly cloudy throughout the day.,0.5541666666666667,0.0,rain,1017.5425,Partly Cloudy,23.07800925925926,15.917533333333331,186.33333333333331,6.204537500000001
2016-07-11 00:00:00+00:00,24.54652777777778,Partly cloudy starting in the morning.,0.5320833333333334,0.0,rain,1015.7670833333332,Clear,25.00162037037037,15.886675000000002,140.45833333333334,9.031429166666667
2016-07-12 00:00:00+00:00,27.20277777777778,Partly cloudy until night.,0.5125000000000001,0.0,rain,1011.9016666666666,Partly Cloudy,27.325,15.886675000000002,149.91666666666666,12.257466666666666
2016-07-13 00:00:00+00:00,28.88888888888889,Partly cloudy starting in the morning continuing until night.,0.5320833333333334,0.0,rain,1008.6,Clear,28.371296296296293,15.109850000000002,175.125,10.192641666666669
2016-07-14 00:00:00+00:00,19.369675925925925,Mostly cloudy throughout the day.,0.7845833333333333,0.0,rain,1009.6920833333334,Overcast,19.369675925925925,11.901254166666668,266.0833333333333,16.951958333333334
2016-07-15 00:00:00+00:00,18.13310185185185,Mostly cloudy throughout the day.,0.6775000000000001,0.0,rain,1015.7304166666668,Mostly Cloudy,18.13310185185185,13.204683333333334,198.45833333333331,20.122316666666663
2016-07-16 00:00:00+00:00,16.40810185185185,Mostly cloudy throughout the day.,0.8845833333333334,0.0,rain,1011.545,Breezy and Overcast,16.40810185185185,9.89345,98.54166666666669,15.950404166666669
2016-07-17 00:00:00+00:00,15.972916666666665,Mostly cloudy throughout the day.,0.935,0.0,rain,1014.2425,Partly Cloudy,15.972916666666665,9.091133333333334,289.5416666666667,11.446429166666668
2016-07-18 00:00:00+00:00,21.308333333333334,Partly cloudy throughout the day.,0.7125,0.0,rain,1016.9195833333332,Mostly Cloudy,21.25601851851852,13.1758375,299.7083333333333,12.818283333333332
2016-07-19 00:00:00+00:00,20.713194444444444,Partly cloudy throughout the day.,0.6945833333333334,0.0,rain,1018.5779166666666,Partly Cloudy,20.713194444444444,13.7031125,217.5,8.451158333333334
2016-07-20 00:00:00+00:00,20.956712962962964,Partly cloudy until night.,0.7233333333333333,0.0,rain,1017.05,Mostly Cloudy,20.956712962962964,13.495154166666667,144.66666666666666,7.320133333333334
2016-07-21 00:00:00+00:00,22.37986111111111,Partly cloudy starting in the morning.,0.6725,0.0,rain,1015.67375,Clear,22.416666666666668,14.726804166666668,263.6666666666667,6.155566666666666
2016-07-22 00:00:00+00:00,24.094907407407405,Partly cloudy until night.,0.7129166666666666,0.0,rain,1015.0041666666666,Partly Cloudy,23.891203703703702,13.941258333333332,138.625,4.901108333333333
2016-07-23 00:00:00+00:00,26.80555555555556,Partly cloudy starting overnight.,0.6495833333333333,0.0,rain,1015.2929166666668,Clear,26.43101851851852,15.447279166666668,128.0,4.861529166666667
2016-07-24 00:00:00+00:00,26.65925925925926,Partly cloudy throughout the day.,0.6320833333333333,0.0,rain,1015.7441666666668,Partly Cloudy,26.555324074074075,15.783366666666668,83.70833333333333,8.703391666666667
2016-07-25 00:00:00+00:00,25.040046296296296,Mostly cloudy throughout the day.,0.6741666666666667,0.0,rain,1015.0058333333332,Mostly Cloudy,24.83888888888889,14.902562500000002,290.7083333333333,10.966783333333334
2016-07-26 00:00:00+00:00,21.75,Foggy overnight.,0.8791666666666668,0.0,rain,1015.7670833333332,Mostly Cloudy,21.590740740740745,9.215908333333331,206.66666666666663,4.823291666666667
2016-07-27 00:00:00+00:00,24.529398148148147,Foggy until morning.,0.7620833333333333,0.0,rain,1015.2870833333332,Foggy,24.1375,8.294183333333333,117.125,1.9132166666666668
2016-07-28 00:00:00+00:00,23.8724537037037,Partly cloudy starting overnight.,0.77,0.0,rain,1014.4958333333334,Partly Cloudy,23.5837962962963,12.201116666666666,205.20833333333331,8.135195833333334
2016-07-29 00:00:00+00:00,23.167592592592595,Partly cloudy throughout the day.,0.8104166666666667,0.0,rain,1014.385,Partly Cloudy,22.99467592592593,9.706958333333334,207.95833333333331,4.3537083333333335
2016-07-30 00:00:00+00:00,25.37476851851852,Partly cloudy starting in the morning.,0.6929166666666666,0.0,rain,1014.9354166666668,Clear,25.07638888888889,13.446183333333336,215.41666666666663,3.2917791666666667
2016-07-31 00:00:00+00:00,26.40347222222222,Partly cloudy starting in the morning.,0.6416666666666667,0.0,rain,1012.9025,Partly Cloudy,26.07638888888889,13.983520833333335,128.625,9.270245833333334
2016-08-01 00:00:00+00:00,23.225231481481483,Mostly cloudy throughout the day.,0.7270833333333333,0.0,rain,1013.42875,Mostly Cloudy,23.081712962962968,11.949554166666667,287.3333333333333,14.216970833333336
2016-08-02 00:00:00+00:00,21.11550925925926,Mostly cloudy throughout the day.,0.7845833333333333,0.0,rain,1015.8975,Overcast,21.11550925925926,11.921379166666666,310.375,10.8614625
2016-08-03 00:00:00+00:00,21.63888888888889,Partly cloudy throughout the day.,0.68375,0.0,rain,1016.53375,Partly Cloudy,21.582175925925924,15.123266666666668,269.7916666666667,9.409108333333334
2016-08-04 00:00:00+00:00,23.879166666666663,Partly cloudy starting in the morning continuing until night.,0.6595833333333333,0.0,rain,1015.9791666666666,Clear,23.806481481481484,13.720554166666666,119.5,4.452320833333334
2016-08-05 00:00:00+00:00,26.743287037037035,Partly cloudy starting in the afternoon.,0.57625,0.0,rain,1012.0345833333334,Clear,26.583564814814817,15.871245833333337,131.16666666666666,15.9852875
2016-08-06 00:00:00+00:00,22.112962962962964,Partly cloudy throughout the day.,0.7395833333333334,0.0,rain,1016.9754166666668,Partly Cloudy,22.112962962962964,13.669570833333331,288.625,16.14025
2016-08-07 00:00:00+00:00,22.422453703703702,Partly cloudy throughout the day.,0.58375,0.0,rain,1022.2616666666668,Mostly Cloudy,22.49791666666667,15.601570833333334,149.83333333333334,15.167541666666668
2016-08-08 00:00:00+00:00,20.98217592592593,Partly cloudy throughout the day.,0.5441666666666667,0.0,rain,1021.01375,Partly Cloudy,21.132175925925925,15.902104166666668,86.29166666666667,7.259758333333334
2016-08-09 00:00:00+00:00,22.40416666666667,Partly cloudy starting in the morning.,0.5733333333333334,0.0,rain,1016.0320833333334,Clear,22.653935185185187,15.851791666666667,141.79166666666666,4.146420833333333
2016-08-10 00:00:00+00:00,21.704398148148147,Partly cloudy throughout the day.,0.7050000000000001,0.0,rain,1012.4029166666666,Partly Cloudy,21.575462962962963,14.057983333333334,269.875,12.753883333333334
2016-08-11 00:00:00+00:00,14.824074074074074,Mostly cloudy throughout the day.,0.8725,0.0,rain,1019.2316666666668,Mostly Cloudy,14.824074074074074,12.1856875,310.625,11.138516666666668
2016-08-12 00:00:00+00:00,15.895601851851852,Partly cloudy throughout the day.,0.7095833333333333,0.0,rain,1023.7520833333332,Partly Cloudy,15.918287037037038,12.722354166666667,312.5416666666667,8.302233333333334
2016-08-13 00:00:00+00:00,17.408333333333335,Partly cloudy until night.,0.6970833333333334,0.0,rain,1025.18625,Partly Cloudy,17.408333333333335,14.381995833333336,213.75,3.674825
2016-08-14 00:00:00+00:00,20.660416666666663,Partly cloudy starting in the morning continuing until evening.,0.6916666666666668,0.0,rain,1022.9375,Clear,20.666898148148142,13.382454166666667,196.16666666666663,5.916079166666667
2016-08-15 00:00:00+00:00,22.89837962962963,Partly cloudy starting in the morning.,0.645,0.0,rain,1019.4404166666668,Clear,22.9875,14.634229166666666,210.08333333333331,6.597645833333334
2016-08-16 00:00:00+00:00,22.56273148148148,Partly cloudy throughout the day.,0.5933333333333334,0.0,rain,1015.4795833333332,Mostly Cloudy,22.76203703703704,15.3614125,150.20833333333334,8.190204166666666
2016-08-17 00:00:00+00:00,18.49050925925926,Mostly cloudy until night.,0.8208333333333333,0.0,rain,1011.7720833333332,Partly Cloudy,18.49050925925926,11.2378,162.41666666666666,8.31565
2016-08-18 00:00:00+00:00,19.469675925925923,Foggy starting overnight continuing until morning.,0.775,0.0,rain,1012.6433333333332,Foggy,19.469675925925923,10.27985,108.58333333333331,3.819725
2016-08-19 00:00:00+00:00,21.64513888888889,Partly cloudy throughout the day.,0.6675,0.0,rain,1012.9420833333334,Partly Cloudy,21.75578703703704,14.137141666666666,139.95833333333334,4.234970833333334
2016-08-20 00:00:00+00:00,23.05300925925926,Partly cloudy starting in the morning continuing until evening.,0.71875,0.0,rain,1016.3504166666668,Partly Cloudy,22.834953703703704,12.014625,105.08333333333331,4.096779166666667
2016-08-21 00:00:00+00:00,24.63611111111111,Mostly cloudy starting in the morning.,0.6687500000000001,0.0,rain,1015.1395833333332,Clear,24.44050925925926,13.4656375,184.125,11.689270833333332
2016-08-22 00:00:00+00:00,17.078240740740743,Overcast throughout the day.,0.9275,0.0,rain,1018.5545833333334,Mostly Cloudy,17.078240740740743,8.594045833333334,272.375,10.4348125
2016-08-23 00:00:00+00:00,19.990972222222226,Mostly cloudy until evening.,0.7479166666666667,0.0,rain,1022.3533333333334,Overcast,19.990972222222226,12.107870833333337,275.2916666666667,15.138025
2016-08-24 00:00:00+00:00,21.73402777777778,Partly cloudy until evening.,0.63875,0.0,rain,1021.6191666666668,Partly Cloudy,21.73657407407407,15.6331,175.41666666666666,15.17425
2016-08-25 00:00:00+00:00,22.003703703703703,Partly cloudy starting in the afternoon.,0.595,0.0,rain,1020.7654166666666,Partly Cloudy,22.05,15.833008333333334,26.70833333333333,14.0714
2016-08-26 00:00:00+00:00,22.37175925925926,Partly cloudy starting in the morning continuing until evening.,0.6179166666666667,0.0,rain,1021.4066666666666,Clear,22.475925925925925,14.797241666666666,61.04166666666666,6.5748375
2016-08-27 00:00:00+00:00,22.342824074074077,Partly cloudy starting in the afternoon continuing until evening.,0.6158333333333333,0.0,rain,1021.5991666666667,Clear,22.59976851851852,15.871245833333337,115.66666666666669,3.043570833333334
2016-08-28 00:00:00+00:00,22.650694444444444,Partly cloudy in the afternoon.,0.6158333333333333,0.0,rain,1018.93375,Clear,22.96342592592592,15.06691666666667,120.375,3.0482666666666667
2016-08-29 00:00:00+00:00,23.13726851851852,Partly cloudy starting in the afternoon.,0.5775,0.0,rain,1015.8033333333332,Clear,23.55671296296296,15.8081875,194.29166666666663,4.674366666666667
2016-08-30 00:00:00+00:00,23.044212962962963,Partly cloudy until night.,0.6283333333333333,0.0,rain,1018.4345833333332,Partly Cloudy,23.02013888888889,15.321833333333336,226.375,13.06515
2016-08-31 00:00:00+00:00,20.75,Partly cloudy until evening.,0.4937499999999999,0.0,rain,1021.91375,Partly Cloudy,20.856944444444444,15.886675000000002,105.79166666666669,12.099150000000002
2016-09-01 00:00:00+00:00,19.81712962962963,Partly cloudy starting in the morning continuing until night.,0.54625,0.0,rain,1020.8620833333332,Clear,20.047685185185184,15.865879166666668,142.91666666666666,4.7481583333333335
2016-09-02 00:00:00+00:00,20.391666666666666,Partly cloudy starting in the morning.,0.5637500000000001,0.0,rain,1018.7475,Clear,20.688194444444445,15.648529166666668,216.33333333333331,4.4818375
2016-09-03 00:00:00+00:00,21.166435185185183,Partly cloudy starting in the afternoon.,0.5833333333333334,0.0,rain,1018.3241666666668,Partly Cloudy,21.46412037037037,15.843741666666668,213.33333333333331,5.272079166666667
2016-09-04 00:00:00+00:00,21.991203703703704,Mostly cloudy starting in the morning.,0.5920833333333334,0.0,rain,1016.17375,Clear,22.31851851851852,15.041425000000002,196.41666666666663,5.612862500000001
2016-09-05 00:00:00+00:00,16.446296296296296,Mostly cloudy throughout the day.,0.8891666666666667,0.0,rain,1012.9283333333332,Partly Cloudy,16.446296296296296,12.223925,271.6666666666667,9.841795833333334
2016-09-06 00:00:00+00:00,17.572222222222223,Mostly cloudy starting overnight.,0.8095833333333333,0.0,rain,1017.6954166666666,Clear,17.572222222222223,12.3104625,149.375,9.498329166666666
2016-09-07 00:00:00+00:00,21.353935185185183,Partly cloudy throughout the day.,0.7316666666666666,0.0,rain,1020.4370833333334,Mostly Cloudy,21.37337962962963,15.173579166666668,80.91666666666667,7.6293875
2016-09-08 00:00:00+00:00,22.159953703703703,Partly cloudy starting overnight.,0.6158333333333333,0.0,rain,1016.1333333333332,Partly Cloudy,22.49953703703704,15.714270833333336,123.16666666666669,6.576179166666667
2016-09-09 00:00:00+00:00,22.373842592592595,Partly cloudy starting in the morning.,0.5908333333333333,0.0,rain,1015.0204166666668,Clear,22.730092592592595,15.7800125,57.79166666666666,8.722175
2016-09-10 00:00:00+00:00,22.73333333333333,Partly cloudy starting in the morning.,0.6070833333333333,0.0,rain,1015.88875,Clear,22.942592592592597,15.761229166666668,85.125,7.310741666666668
2016-09-11 00:00:00+00:00,23.63773148148148,Mostly cloudy throughout the day.,0.5975,0.0,rain,1016.9241666666668,Partly Cloudy,23.816898148148145,14.368579166666668,128.375,6.415179166666667
2016-09-12 00:00:00+00:00,23.12986111111111,Partly cloudy throughout the day.,0.61125,0.0,rain,1018.2558333333332,Partly Cloudy,23.32731481481481,13.522658333333334,159.5,5.3914875
2016-09-13 00:00:00+00:00,19.891435185185184,Partly cloudy overnight.,0.7791666666666667,0.0,rain,1016.9033333333332,Partly Cloudy,19.936805555555555,12.175624999999998,165.66666666666666,6.211245833333334
2016-09-14 00:00:00+00:00,20.02476851851852,Foggy in the morning.,0.7566666666666667,0.0,rain,1015.2358333333332,Partly Cloudy,20.00810185185185,9.842466666666668,178.45833333333334,3.361545833333334
2016-09-15 00:00:00+00:00,20.94490740740741,Partly cloudy starting in the afternoon continuing until evening.,0.7133333333333334,0.0,rain,1016.2575,Clear,20.98935185185185,12.391633333333331,171.41666666666666,4.394629166666667
2016-09-16 00:00:00+00:00,22.12106481481481,Partly cloudy starting in the afternoon.,0.6745833333333334,0.0,rain,1014.7775,Clear,22.242824074074075,9.486925,177.33333333333334,7.864179166666666
2016-09-17 00:00:00+00:00,21.16574074074074,Partly cloudy throughout the day.,0.6983333333333334,0.0,rain,1010.3858333333332,Partly Cloudy,21.18611111111111,12.949766666666669,194.83333333333331,9.07235
2016-09-18 00:00:00+00:00,20.363425925925927,Mostly cloudy throughout the day.,0.6529166666666667,0.0,rain,1010.90375,Partly Cloudy,20.363425925925927,14.532262500000002,259.5416666666667,7.245
2016-09-19 00:00:00+00:00,17.120833333333334,Overcast throughout the day.,0.9241666666666668,0.0,rain,1006.2491666666666,Overcast,17.120833333333334,10.222829166666669,236.5,10.0625
2016-09-20 00:00:00+00:00,16.01712962962963,Mostly cloudy throughout the day.,0.7145833333333332,0.0,rain,1010.6854166666668,Overcast,16.01712962962963,11.598708333333336,219.29166666666663,16.844625
2016-09-21 00:00:00+00:00,10.511342592592593,Mostly cloudy throughout the day.,0.7770833333333332,0.0,rain,1017.3833333333332,Mostly Cloudy,10.511342592592593,15.677375,123.25,4.2644875
2016-09-22 00:00:00+00:00,12.620833333333332,Partly cloudy until evening.,0.7358333333333333,0.0,rain,1021.00875,Mostly Cloudy,12.81087962962963,13.511925,205.375,6.970629166666668
2016-09-23 00:00:00+00:00,12.94699074074074,Partly cloudy starting in the morning.,0.7079166666666667,0.0,rain,1025.3495833333334,Clear,12.94699074074074,12.855179166666666,223.75,4.802495833333333
2016-09-24 00:00:00+00:00,14.568055555555556,Partly cloudy starting in the morning.,0.71625,0.0,rain,1025.91,Clear,14.568055555555556,13.1516875,204.5,3.4796125
2016-09-25 00:00:00+00:00,13.963888888888889,Mostly cloudy until night.,0.7433333333333333,0.0,rain,1021.72625,Partly Cloudy,14.02175925925926,12.7129625,134.66666666666666,7.4643625
2016-09-26 00:00:00+00:00,13.85300925925926,Partly cloudy until night.,0.6695833333333333,0.0,rain,1021.8166666666666,Partly Cloudy,14.090740740740742,15.342629166666669,237.54166666666663,7.020270833333334
2016-09-27 00:00:00+00:00,13.039583333333333,Partly cloudy until evening.,0.6933333333333334,0.0,rain,1025.6008333333332,Partly Cloudy,13.082407407407407,14.064020833333336,173.125,2.8282333333333334
2016-09-28 00:00:00+00:00,15.069907407407406,Partly cloudy starting in the afternoon.,0.6179166666666667,0.0,rain,1028.23875,Clear,15.069907407407406,14.913295833333336,216.79166666666663,6.100558333333333
2016-09-29 00:00:00+00:00,16.790046296296296,Partly cloudy until night.,0.6625,0.0,rain,1024.08125,Partly Cloudy,16.849999999999998,15.167541666666668,216.29166666666663,8.314308333333335
2016-09-30 00:00:00+00:00,16.888425925925926,Partly cloudy starting in the morning continuing until evening.,0.6891666666666666,0.0,rain,1019.1875,Clear,16.994212962962965,13.846670833333334,168.91666666666666,7.6696375
2016-10-01 00:00:00+00:00,16.968287037037037,Partly cloudy until night.,0.6629166666666667,0.0,rain,1015.9633333333333,Partly Cloudy,16.968287037037037,12.981295833333334,178.08333333333334,10.361691666666667
2016-10-02 00:00:00+00:00,17.474305555555556,Mostly cloudy starting in the morning.,0.7158333333333333,0.0,rain,1014.8325,Clear,17.524305555555557,11.613466666666667,222.5,9.2112125
2016-10-03 00:00:00+00:00,14.774074074074074,Foggy starting overnight continuing until morning.,0.8433333333333333,0.0,rain,1018.05125,Overcast,14.774074074074074,9.708970833333334,263.25,13.715858333333337
2016-10-04 00:00:00+00:00,11.083101851851852,Mostly cloudy throughout the day.,0.8808333333333334,0.0,rain,1017.38,Partly Cloudy,11.304398148148149,12.280945833333334,254.45833333333331,18.284904166666667
2016-10-05 00:00:00+00:00,6.474768518518519,Mostly cloudy throughout the day.,0.7087499999999999,0.0,rain,1018.9241666666668,Mostly Cloudy,8.571990740740741,13.62865,289.5833333333333,17.471183333333332
2016-10-06 00:00:00+00:00,5.209722222222222,Overcast throughout the day.,0.85125,0.0,rain,1015.71,Mostly Cloudy,7.568981481481482,12.466766666666668,224.66666666666663,13.852708333333334
2016-10-07 00:00:00+00:00,6.784259259259259,Mostly cloudy throughout the day.,0.9025,0.0,rain,1016.7970833333334,Overcast,7.942592592592593,10.693083333333334,158.66666666666666,8.506166666666667
2016-10-08 00:00:00+00:00,6.814351851851851,Partly cloudy until night.,0.7795833333333334,0.0,rain,1019.0170833333332,Mostly Cloudy,7.16574074074074,10.9500125,272.125,6.089825
2016-10-09 00:00:00+00:00,7.24074074074074,Partly cloudy until night.,0.7845833333333333,0.0,rain,1022.4716666666668,Partly Cloudy,7.317592592592592,9.702933333333334,205.0,3.7674
2016-10-10 00:00:00+00:00,8.752546296296297,Foggy in the morning.,0.7395833333333334,0.0,rain,1019.7970833333334,Partly Cloudy,8.929166666666665,9.9397375,121.33333333333331,9.295066666666669
2016-10-11 00:00:00+00:00,6.8819444444444455,Foggy starting in the evening.,0.9483333333333334,0.0,rain,1012.6783333333332,Overcast,8.207175925925926,3.794904166666667,133.70833333333334,8.473295833333333
2016-10-12 00:00:00+00:00,5.996990740740741,Light rain starting overnight.,0.9104166666666668,0.0,rain,1010.40625,Foggy,8.603935185185184,5.275433333333333,323.0,17.089479166666667
2016-10-13 00:00:00+00:00,,,,,,,,,,,
2016-10-14 00:00:00+00:00,,,,,,,,,,,
2016-10-15 00:00:00+00:00,13.340909090909092,Drizzle starting in the evening.,0.7763636363636363,0.0,rain,1018.2745454545455,Overcast,13.340909090909092,12.424809090909092,132.63636363636363,8.625209090909092
2016-10-16 00:00:00+00:00,12.311574074074072,Drizzle until morning.,0.8979166666666667,0.0,rain,1021.4604166666668,Drizzle,12.311574074074072,4.5724,176.95833333333334,5.454545833333333
2016-10-17 00:00:00+00:00,11.19920634920635,Foggy overnight.,0.8435714285714286,0.0,rain,1027.8964285714285,Overcast,11.19920634920635,8.9792,137.0,13.84945
2016-10-18 00:00:00+00:00,,,,,,,,,,,
2016-10-19 00:00:00+00:00,6.2,Overcast throughout the day.,0.735,0.0,rain,1023.16,Overcast,6.944444444444445,15.262800000000002,118.5,5.28885
2016-10-20 00:00:00+00:00,9.431481481481482,Mostly cloudy throughout the day.,0.815,0.0,rain,1015.615,Mostly Cloudy,10.164814814814816,13.478383333333332,154.16666666666666,16.057066666666667
2016-10-21 00:00:00+00:00,9.328472222222222,Rain throughout the day.,0.9020833333333332,0.0,rain,1014.1966666666668,Light Rain,10.103703703703705,8.125133333333334,180.875,11.341779166666669
2016-10-22 00:00:00+00:00,5.9944444444444445,Rain until morning.,0.8939999999999999,0.0,rain,1015.525,Rain,8.050555555555556,6.794200000000001,301.8,12.78179
2016-10-23 00:00:00+00:00,,,,,,,,,,,
2016-10-24 00:00:00+00:00,,,,,,,,,,,
2016-10-25 00:00:00+00:00,13.033333333333337,Light rain overnight.,0.8539999999999999,0.0,rain,1021.262,Mostly Cloudy,13.033333333333337,5.9988600000000005,164.6,10.928680000000002
2016-10-26 00:00:00+00:00,12.422592592592594,Rain until afternoon.,0.89,0.0,rain,1020.7733333333332,Light Rain,12.422592592592594,0.0,83.66666666666667,9.99166
2016-10-27 00:00:00+00:00,,,,,,,,,,,
2016-10-28 00:00:00+00:00,,,,,,,,,,,
2016-10-29 00:00:00+00:00,4.862962962962963,Mostly cloudy until evening.,0.8966666666666666,0.0,rain,1028.2683333333332,Mostly Cloudy,7.458333333333333,0.0,285.5,14.621483333333336
2016-10-30 00:00:00+00:00,,,,,,,,,,,
2016-10-31 00:00:00+00:00,,,,,,,,,,,
2016-11-01 00:00:00+00:00,,,,,,,,,,,
2016-11-02 00:00:00+00:00,8.235897435897435,Mostly cloudy until morning.,0.783076923076923,0.0,rain,1019.226153846154,Clear,8.384615384615385,0.9560923076923076,201.30769230769232,4.14513076923077
2016-11-03 00:00:00+00:00,5.935416666666668,Partly cloudy throughout the day.,0.8183333333333334,0.0,rain,1019.5570833333333,Partly Cloudy,7.433796296296296,9.910220833333334,160.08333333333334,10.073904166666669
2016-11-04 00:00:00+00:00,5.713657407407407,Partly cloudy throughout the day.,0.8220833333333334,0.0,rain,1019.5033333333334,Partly Cloudy,7.247685185185186,9.824354166666668,161.70833333333334,10.123545833333331
2016-11-05 00:00:00+00:00,5.42962962962963,Partly cloudy throughout the day.,0.8250000000000001,0.0,rain,1019.4495833333334,Partly Cloudy,7.062962962962963,9.7384875,162.83333333333334,10.186604166666667
2016-11-06 00:00:00+00:00,5.132638888888889,Partly cloudy throughout the day.,0.8266666666666667,0.0,rain,1019.39625,Partly Cloudy,6.879398148148148,9.657316666666668,163.125,10.2396
2016-11-07 00:00:00+00:00,4.915972222222223,Partly cloudy throughout the day.,0.82875,0.0,rain,1019.345,Partly Cloudy,6.69675925925926,9.576145833333332,162.79166666666666,10.283204166666666
2016-11-08 00:00:00+00:00,4.617361111111111,Mostly cloudy throughout the day.,0.8312499999999999,0.0,rain,1019.2975,Partly Cloudy,6.515046296296297,9.495645833333333,162.08333333333334,10.373095833333334
2016-11-09 00:00:00+00:00,4.225231481481481,Mostly cloudy throughout the day.,0.8345833333333333,0.0,rain,1019.2529166666668,Partly Cloudy,6.335648148148148,9.415145833333334,161.25,10.477075
2016-11-10 00:00:00+00:00,3.993981481481482,Mostly cloudy throughout the day.,0.8366666666666668,0.0,rain,1019.21125,Partly Cloudy,6.156712962962963,9.335316666666667,160.41666666666666,10.558245833333334
2016-11-11 00:00:00+00:00,3.7729166666666663,Partly cloudy throughout the day.,0.83875,0.0,rain,1019.17375,Partly Cloudy,5.97986111111111,9.256829166666668,158.95833333333334,10.595141666666668
2016-11-12 00:00:00+00:00,3.5620370370370367,Partly cloudy throughout the day.,0.8416666666666667,0.0,rain,1019.14,Partly Cloudy,5.804166666666667,9.181695833333334,157.41666666666666,10.593129166666667
2016-11-13 00:00:00+00:00,3.3625000000000003,Partly cloudy throughout the day.,0.8441666666666667,0.0,rain,1019.1145833333334,Partly Cloudy,5.631018518518519,9.107233333333332,156.125,10.5455
2016-11-14 00:00:00+00:00,3.1837962962962965,Partly cloudy throughout the day.,0.8454166666666666,0.0,rain,1019.09125,Partly Cloudy,5.458796296296296,9.0300875,155.41666666666666,10.417370833333331
2016-11-15 00:00:00+00:00,2.9907407407407405,Partly cloudy throughout the day.,0.84875,0.0,rain,1019.07375,Partly Cloudy,5.28888888888889,8.958308333333333,155.83333333333334,10.363704166666666
2016-11-16 00:00:00+00:00,2.767129629629629,Partly cloudy throughout the day.,0.8504166666666667,0.0,rain,1019.0629166666666,Partly Cloudy,5.1194444444444445,8.882504166666667,157.54166666666666,10.459633333333334
2016-11-17 00:00:00+00:00,2.5414351851851853,Partly cloudy throughout the day.,0.8520833333333333,0.0,rain,1019.0575,Partly Cloudy,4.952546296296297,8.809383333333335,159.79166666666666,10.5756875
2016-11-18 00:00:00+00:00,2.3256944444444443,Partly cloudy throughout the day.,0.8545833333333334,0.0,rain,1019.0558333333332,Partly Cloudy,4.788657407407407,8.737604166666667,162.08333333333334,10.662225
2016-11-19 00:00:00+00:00,2.113888888888889,Mostly cloudy throughout the day.,0.8574999999999999,0.0,rain,1019.0608333333332,Partly Cloudy,4.625231481481482,8.668508333333333,164.04166666666666,10.7387
2016-11-20 00:00:00+00:00,1.9076388888888889,Mostly cloudy throughout the day.,0.8583333333333334,0.0,rain,1019.0716666666668,Partly Cloudy,4.464351851851852,8.596729166666668,165.0,10.805783333333332
2016-11-21 00:00:00+00:00,1.7094907407407407,Mostly cloudy throughout the day.,0.8604166666666666,0.0,rain,1019.0845833333332,Partly Cloudy,4.3055555555555545,8.528304166666667,165.54166666666666,10.847375
2016-11-22 00:00:00+00:00,1.5175925925925926,Mostly cloudy throughout the day.,0.8629166666666667,0.0,rain,1019.1045833333332,Partly Cloudy,4.148842592592593,8.46055,165.83333333333334,10.8695125
2016-11-23 00:00:00+00:00,1.3250000000000002,Mostly cloudy throughout the day.,0.8645833333333334,0.0,rain,1019.1266666666668,Partly Cloudy,3.994444444444444,8.393466666666667,166.25,10.904395833333334
2016-11-24 00:00:00+00:00,1.1305555555555558,Mostly cloudy throughout the day.,0.86625,0.0,rain,1019.155,Partly Cloudy,3.8409722222222222,8.3257125,166.83333333333334,10.9500125
2016-11-25 00:00:00+00:00,0.940277777777778,Mostly cloudy throughout the day.,0.86875,0.0,rain,1019.185,Partly Cloudy,3.690972222222222,8.2613125,167.41666666666666,10.985566666666664
2016-11-26 00:00:00+00:00,0.7576388888888888,Mostly cloudy throughout the day.,0.87,0.0,rain,1019.2183333333334,Partly Cloudy,3.5428240740740744,8.197583333333334,167.95833333333334,11.000324999999998
2016-11-27 00:00:00+00:00,0.5803240740740742,Mostly cloudy throughout the day.,0.8708333333333332,0.0,rain,1019.2541666666666,Partly Cloudy,3.3965277777777776,8.136537500000001,168.375,11.0063625
2016-11-28 00:00:00+00:00,0.407175925925926,Mostly cloudy throughout the day.,0.8725,0.0,rain,1019.2916666666666,Partly Cloudy,3.2530092592592594,8.073479166666667,168.79166666666666,11.009716666666668
2016-11-29 00:00:00+00:00,0.2381944444444441,Mostly cloudy throughout the day.,0.875,0.0,rain,1019.3295833333332,Partly Cloudy,3.112037037037037,8.013775,169.41666666666666,11.007033333333332
2016-11-30 00:00:00+00:00,0.0726851851851855,Mostly cloudy throughout the day.,0.8770833333333333,0.0,rain,1019.3704166666666,Partly Cloudy,2.9729166666666664,7.9594375,170.04166666666666,11.007704166666668
2016-12-01 00:00:00+00:00,-0.0958333333333334,Mostly cloudy throughout the day.,0.8783333333333333,0.0,rain,1019.41125,Partly Cloudy,2.837037037037037,7.903758333333333,170.91666666666666,11.023804166666666
2016-12-02 00:00:00+00:00,-0.2634259259259258,Mostly cloudy throughout the day.,0.87875,0.0,rain,1019.4529166666666,Partly Cloudy,2.703240740740741,7.849420833333333,171.75,11.0586875
2016-12-03 00:00:00+00:00,-0.4270833333333334,Mostly cloudy throughout the day.,0.8804166666666666,0.0,rain,1019.4933333333332,Partly Cloudy,2.5722222222222224,7.80045,172.33333333333334,11.082166666666666
2016-12-04 00:00:00+00:00,-0.5833333333333334,Mostly cloudy throughout the day.,0.8808333333333334,0.0,rain,1019.5345833333334,Partly Cloudy,2.443981481481481,7.751479166666667,173.04166666666666,11.091558333333332
2016-12-05 00:00:00+00:00,-0.7344907407407409,Mostly cloudy throughout the day.,0.8825,0.0,rain,1019.575,Partly Cloudy,2.3173611111111114,7.707875,173.625,11.091558333333332
2016-12-06 00:00:00+00:00,-0.8831018518518517,Mostly cloudy throughout the day.,0.8841666666666667,0.0,rain,1019.6145833333334,Partly Cloudy,2.194212962962963,7.666283333333333,174.125,11.088204166666666
2016-12-07 00:00:00+00:00,-1.024768518518519,Mostly cloudy throughout the day.,0.8849999999999999,0.0,rain,1019.6541666666668,Partly Cloudy,2.073148148148148,7.624020833333334,174.95833333333334,11.072104166666668
2016-12-08 00:00:00+00:00,-1.1611111111111112,Mostly cloudy throughout the day.,0.8866666666666667,0.0,rain,1019.6916666666666,Mostly Cloudy,1.9557870370370367,7.587795833333334,175.83333333333334,11.0466125
2016-12-09 00:00:00+00:00,-1.2976851851851852,Mostly cloudy throughout the day.,0.8866666666666667,0.0,rain,1019.72875,Mostly Cloudy,1.840972222222222,7.553583333333333,176.29166666666666,11.033195833333332
2016-12-10 00:00:00+00:00,-1.4356481481481482,Mostly cloudy throughout the day.,0.8870833333333333,0.0,rain,1019.765,Mostly Cloudy,1.729398148148148,7.521383333333333,176.66666666666666,11.039233333333334
2016-12-11 00:00:00+00:00,-1.5703703703703702,Mostly cloudy throughout the day.,0.8879166666666666,0.0,rain,1019.79875,Mostly Cloudy,1.6192129629629628,7.491866666666667,176.625,11.05265
2016-12-12 00:00:00+00:00,-1.702546296296296,Mostly cloudy throughout the day.,0.8887499999999999,0.0,rain,1019.8333333333334,Mostly Cloudy,1.5122685185185183,7.4643625,176.79166666666666,11.076129166666666
2016-12-13 00:00:00+00:00,-1.8307870370370367,Mostly cloudy throughout the day.,0.89,0.0,rain,1019.8658333333332,Mostly Cloudy,1.4092592592592597,7.441554166666667,176.75,11.089545833333334
2016-12-14 00:00:00+00:00,-1.9520833333333327,Mostly cloudy throughout the day.,0.8904166666666667,0.0,snow,1019.8983333333334,Mostly Cloudy,1.3076388888888888,7.418075000000001,176.70833333333334,11.0949125
2016-12-15 00:00:00+00:00,-2.0664351851851848,Mostly cloudy throughout the day.,0.8904166666666667,0.0,snow,1019.9304166666668,Mostly Cloudy,1.2115740740740744,7.399291666666667,177.16666666666666,11.085520833333334
2016-12-16 00:00:00+00:00,-2.178703703703704,Mostly cloudy throughout the day.,0.8908333333333333,0.0,snow,1019.9620833333332,Mostly Cloudy,1.115972222222222,7.38185,177.625,11.083508333333334
2016-12-17 00:00:00+00:00,-2.293287037037037,Mostly cloudy throughout the day.,0.89125,0.0,snow,1019.9933333333332,Mostly Cloudy,1.0243055555555556,7.365750000000001,178.41666666666666,11.093570833333333
2016-12-18 00:00:00+00:00,-2.404166666666667,Mostly cloudy throughout the day.,0.8916666666666666,0.0,snow,1020.0241666666666,Mostly Cloudy,0.9354166666666668,7.3530041666666675,179.375,11.109
2016-12-19 00:00:00+00:00,-2.508796296296296,Mostly cloudy throughout the day.,0.8916666666666666,0.0,snow,1020.0541666666668,Mostly Cloudy,0.8500000000000004,7.342270833333334,180.08333333333334,11.113695833333333
2016-12-20 00:00:00+00:00,-2.6057870370370373,Mostly cloudy throughout the day.,0.8916666666666666,0.0,snow,1020.0858333333334,Mostly Cloudy,0.7668981481481483,7.3315375,180.875,11.0989375
2016-12-21 00:00:00+00:00,-2.69375,Mostly cloudy throughout the day.,0.8920833333333333,0.0,snow,1020.1158333333332,Mostly Cloudy,0.6879629629629628,7.3234875,181.875,11.065395833333334
2016-12-22 00:00:00+00:00,-2.767361111111111,Mostly cloudy throughout the day.,0.8916666666666666,0.0,snow,1020.1475,Mostly Cloudy,0.6115740740740739,7.316108333333333,182.625,10.993616666666666
2016-12-23 00:00:00+00:00,-2.825,Mostly cloudy throughout the day.,0.8916666666666666,0.0,snow,1020.17875,Mostly Cloudy,0.5386574074074072,7.312754166666667,183.29166666666663,10.8836
2016-12-24 00:00:00+00:00,-2.910648148148148,Mostly cloudy throughout the day.,0.89125,0.0,snow,1020.2108333333334,Mostly Cloudy,0.4689814814814816,7.305375000000001,183.875,10.8936625
2016-12-25 00:00:00+00:00,-3.0053240740740743,Mostly cloudy throughout the day.,0.8904166666666667,0.0,snow,1020.2433333333332,Mostly Cloudy,0.4023148148148153,7.304033333333334,184.54166666666663,10.955379166666669
2016-12-26 00:00:00+00:00,-3.0863425925925925,Mostly cloudy throughout the day.,0.89,0.0,snow,1020.2741666666666,Mostly Cloudy,0.3384259259259261,7.303362499999999,185.33333333333331,10.974833333333336
2016-12-27 00:00:00+00:00,-3.160416666666667,Mostly cloudy throughout the day.,0.89,0.0,snow,1020.3058333333332,Mostly Cloudy,0.2780092592592592,7.303362499999999,185.875,10.979529166666666
2016-12-28 00:00:00+00:00,-3.225925925925926,Mostly cloudy throughout the day.,0.89,0.0,snow,1020.3358333333334,Mostly Cloudy,0.2222222222222223,7.304704166666667,186.08333333333331,10.968125
2016-12-29 00:00:00+00:00,-3.265509259259259,Mostly cloudy throughout the day.,0.8895833333333334,0.0,snow,1020.3670833333334,Mostly Cloudy,0.167824074074074,7.310070833333333,186.04166666666663,10.876891666666667
2016-12-30 00:00:00+00:00,-3.309259259259259,Mostly cloudy throughout the day.,0.8891666666666667,0.0,snow,1020.39625,Mostly Cloudy,0.1175925925925925,7.316779166666667,186.0,10.810479166666669
2016-12-31 00:00:00+00:00,-3.3207729468599028,Mostly cloudy throughout the day.,0.8865217391304349,0.0,snow,1020.4130434782608,Mostly Cloudy,0.1135265700483092,7.213500000000001,185.7826086956522,10.8367
